﻿<?xml version="1.0" encoding="utf-8"?>
<!--Exported using: Sesam Manager V6.7-00 started 2024-05-03 10:14:57 by KBLU-->
<Job xmlns:xsi="http://www.w3.org/2001/XMLSchema-instance" xmlns:xsd="http://www.w3.org/2001/XMLSchema" xmlns="http://www.dnvs.com/2010/ObservableModel">
  <UniqueID>b00b53e0-6047-4883-aa7e-f545ae7c9104</UniqueID>
  <Attachments>
    <ArrayOfString />
  </Attachments>
  <RunParallel>false</RunParallel>
  <Activities>
    <SestraActivity>
      <UniqueID>b81251b2-48fa-40cd-aa88-77c10bc2f31d</UniqueID>
      <Attachments>
        <ArrayOfString />
      </Attachments>
      <ProgramVersion>
        <Version>
          <Type>DefaultInAVM</Type>
          <Platform />
          <VersionNumber />
        </Version>
      </ProgramVersion>
      <DataCheckOnly>false</DataCheckOnly>
      <StaticEquationSolver>Multifront</StaticEquationSolver>
      <CmdInputFile>.\SestraActivity_OutputSIF\outputSIF_sestra.inp</CmdInputFile>
      <StoreReactionForces>false</StoreReactionForces>
      <StoreForPostprocessing>
        <ArrayOfString>
          <string>Beam distributed loads</string>
          <string>Surface distributed loads</string>
        </ArrayOfString>
      </StoreForPostprocessing>
      <Name>SestraActivity_OutputSIF</Name>
      <Description>Structural analysis of GeniE B1 example and output the result as ASCII formatted SIF file.\r\n\r\nInput is T1.FEM, output will be R1.SIF.</Description>
      <Workspace>.\SestraActivity_OutputSIF\</Workspace>
      <Status>Completed</Status>
      <IsWorkspaceEnabled>false</IsWorkspaceEnabled>
      <IsActive>true</IsActive>
      <ExecutionTimeout>-1</ExecutionTimeout>
      <DisablePreExecuteScript>false</DisablePreExecuteScript>
      <PreExecuteScript></PreExecuteScript>
      <DisablePostExecuteScript>false</DisablePostExecuteScript>
      <PostExecuteScript></PostExecuteScript>
      <StartExecutionTime></StartExecutionTime>
      <AdditionalArguments>/dsf</AdditionalArguments>
      <DatabaseStatus>New</DatabaseStatus>
      <InputMode>Interactive</InputMode>
      <PreviousCmdInputFile></PreviousCmdInputFile>
      <UseLocalCmdInputFile>true</UseLocalCmdInputFile>
      <InputFilePath>.\_repository</InputFilePath>
      <InputFilePrefix></InputFilePrefix>
      <AnalysisType>UserDefined</AnalysisType>
      <OutputFilePath>.\_repository</OutputFilePath>
      <OutputFilePrefix></OutputFilePrefix>
      <OutputFileFormat>SIN</OutputFileFormat>
      <LoadFilePath>.\_repository</LoadFilePath>
      <LoadFilePrefix></LoadFilePrefix>
      <CenterOfGravity>true</CenterOfGravity>
      <SuperElementNumber>1</SuperElementNumber>
      <PileSoilInteraction>false</PileSoilInteraction>
      <PrintReaction>true</PrintReaction>
      <NumberOfModes>10</NumberOfModes>
      <Shift></Shift>
      <EarthquakeAnalysis>false</EarthquakeAnalysis>
      <EigenvalueSolver>MultifrontLanczos</EigenvalueSolver>
      <TCLoadCases></TCLoadCases>
      <DynamicDomain>TimeDomain</DynamicDomain>
      <UseCyclicLoads>true</UseCyclicLoads>
      <AdaptiveTimeStepping>false</AdaptiveTimeStepping>
      <TimeStep>0.1</TimeStep>
      <Alpha1>0.01</Alpha1>
      <Alpha2>0.01</Alpha2>
      <TimeStepTolerance>0.01</TimeStepTolerance>
      <EnableSteadyStateDetection>false</EnableSteadyStateDetection>
      <SteadyStateTolerance>0.1</SteadyStateTolerance>
      <MaxCycles>50</MaxCycles>
      <StoreCycles>1</StoreCycles>
      <ReactionForcesCentre>0.0 0.0 0.0</ReactionForcesCentre>
      <MasterSlave>false</MasterSlave>
    </SestraActivity>
    <SestraActivity>
      <UniqueID>5b5ce118-6c12-4fa9-bafb-72a583f67df9</UniqueID>
      <Attachments>
        <ArrayOfString />
      </Attachments>
      <ProgramVersion>
        <Version>
          <Type>DefaultInAVM</Type>
          <Platform />
          <VersionNumber />
        </Version>
      </ProgramVersion>
      <DataCheckOnly>false</DataCheckOnly>
      <StaticEquationSolver>Multifront</StaticEquationSolver>
      <CmdInputFile>.\SestraActivity_OutputSIN\outputSIN_sestra.inp</CmdInputFile>
      <StoreReactionForces>false</StoreReactionForces>
      <StoreForPostprocessing>
        <ArrayOfString>
          <string>Beam distributed loads</string>
          <string>Surface distributed loads</string>
        </ArrayOfString>
      </StoreForPostprocessing>
      <Name>SestraActivity_OutputSIN</Name>
      <Description>Same GeniE B1 structural analysis but output as binary SIN file.\r\n\r\nInput is T1.FEM, output will be R1.SIN.</Description>
      <Workspace>.\SestraActivity_OutputSIN\</Workspace>
      <Status>Completed</Status>
      <IsWorkspaceEnabled>false</IsWorkspaceEnabled>
      <IsActive>true</IsActive>
      <ExecutionTimeout>-1</ExecutionTimeout>
      <DisablePreExecuteScript>false</DisablePreExecuteScript>
      <PreExecuteScript></PreExecuteScript>
      <DisablePostExecuteScript>false</DisablePostExecuteScript>
      <PostExecuteScript></PostExecuteScript>
      <StartExecutionTime></StartExecutionTime>
      <AdditionalArguments>/dsf</AdditionalArguments>
      <DatabaseStatus>New</DatabaseStatus>
      <InputMode>Interactive</InputMode>
      <PreviousCmdInputFile></PreviousCmdInputFile>
      <UseLocalCmdInputFile>true</UseLocalCmdInputFile>
      <InputFilePath>.\_repository</InputFilePath>
      <InputFilePrefix></InputFilePrefix>
      <AnalysisType>UserDefined</AnalysisType>
      <OutputFilePath>.\_repository</OutputFilePath>
      <OutputFilePrefix></OutputFilePrefix>
      <OutputFileFormat>SIN</OutputFileFormat>
      <LoadFilePath>.\_repository</LoadFilePath>
      <LoadFilePrefix></LoadFilePrefix>
      <CenterOfGravity>true</CenterOfGravity>
      <SuperElementNumber>1</SuperElementNumber>
      <PileSoilInteraction>false</PileSoilInteraction>
      <PrintReaction>true</PrintReaction>
      <NumberOfModes>10</NumberOfModes>
      <Shift></Shift>
      <EarthquakeAnalysis>false</EarthquakeAnalysis>
      <EigenvalueSolver>MultifrontLanczos</EigenvalueSolver>
      <TCLoadCases></TCLoadCases>
      <DynamicDomain>TimeDomain</DynamicDomain>
      <UseCyclicLoads>true</UseCyclicLoads>
      <AdaptiveTimeStepping>false</AdaptiveTimeStepping>
      <TimeStep>0.1</TimeStep>
      <Alpha1>0.01</Alpha1>
      <Alpha2>0.01</Alpha2>
      <TimeStepTolerance>0.01</TimeStepTolerance>
      <EnableSteadyStateDetection>false</EnableSteadyStateDetection>
      <SteadyStateTolerance>0.1</SteadyStateTolerance>
      <MaxCycles>50</MaxCycles>
      <StoreCycles>1</StoreCycles>
      <ReactionForcesCentre>0.0 0.0 0.0</ReactionForcesCentre>
      <MasterSlave>false</MasterSlave>
    </SestraActivity>
  </Activities>
  <SesamManagerVersion>6.6.3.2</SesamManagerVersion>
  <Status>NotStarted</Status>
  <CreatedDate>2024-02-08T03:43:08.2577782Z</CreatedDate>
  <CreatedBy>ADRKOS</CreatedBy>
  <Name>SM_SestraRun</Name>
  <Workspace>C:\source\sesam-examples\SifIO\SesamManagerWorkspace_SestraRun\</Workspace>
  <InputFileLocation>.\</InputFileLocation>
  <Description></Description>
  <IsWorkspaceEnabled>true</IsWorkspaceEnabled>
  <IsActive>true</IsActive>
  <ExecutionTimeout>-1</ExecutionTimeout>
  <Template></Template>
  <JobStatus>NotStarted</JobStatus>
  <Comments></Comments>
  <DefaultSuperElementNumber>1</DefaultSuperElementNumber>
  <DefaultTopSuperElementNumber>1</DefaultTopSuperElementNumber>
  <DefaultOutputFileType>SIN</DefaultOutputFileType>
  <DefaultSuperElementKey>1</DefaultSuperElementKey>
  <LastModifiedDate>2024-05-03T08:14:09.0279902Z</LastModifiedDate>
  <LastAccessedDate>2024-05-03T08:14:09.029057Z</LastAccessedDate>
  <LastModifiedBy>kblu</LastModifiedBy>
  <LastAccessedBy>kblu</LastAccessedBy>
  <LastExecutedTime>2024-02-08T03:46:54.1783181Z</LastExecutedTime>
  <LastExecutedBy>ADRKOS</LastExecutedBy>
</Job>